product_id,product_name,category,brand,price,cost,average_rating,stock_qty
PROD00001,Product 1,Home & Kitchen,BrandA,2163.82,1712.44,3.21,957
PROD00002,Product 2,Home & Kitchen,BrandB,2289.21,1454.5,3.69,241
PROD00003,Product 3,Books,BrandC,5859.91,3649.44,4.89,621
PROD00004,Product 4,Books,BrandD,12302.97,8148.48,3.12,113
PROD00005,Product 5,Sports,BrandE,16096.19,9638.55,4.33,818
PROD00006,Product 6,Beauty,BrandF,17990.04,7426.75,3.6,301
PROD00007,Product 7,Books,BrandG,12493.88,8057.61,3.24,275
PROD00008,Product 8,Electronics,BrandH,162.34,111.44,3.64,95
PROD00009,Product 9,Sports,BrandI,3767.02,2134.77,2.68,293
PROD00010,Product 10,Home & Kitchen,BrandJ,2039.54,1433.63,4.5,700
PROD00011,Product 11,Home & Kitchen,BrandK,7298.32,3582.02,3.11,359
PROD00012,Product 12,Fashion,BrandL,10051.95,4910.48,4.31,287
PROD00013,Product 13,Health,BrandM,915.77,425.44,2.67,153
PROD00014,Product 14,Electronics,BrandN,7002.14,3842.76,4.89,569
PROD00015,Product 15,Beauty,BrandO,3624.63,2677.89,2.98,422
PROD00016,Product 16,Toys,BrandP,12959.05,9475.2,4.71,915
PROD00017,Product 17,Sports,BrandQ,9312.23,5150.87,4.52,849
PROD00018,Product 18,Books,BrandR,9931.59,6312.99,4.92,49
PROD00019,Product 19,Automotive,BrandS,8582.45,5907.53,3.69,206
PROD00020,Product 20,Fashion,BrandT,19122.59,9494.04,4.32,563
PROD00021,Product 21,Home & Kitchen,BrandU,4333.97,2025.08,3.43,853
PROD00022,Product 22,Automotive,BrandV,10357.45,8170.35,2.96,882
PROD00023,Product 23,Sports,BrandW,14733.55,9532.94,3.61,661
PROD00024,Product 24,Grocery,BrandX,11159.05,8844.29,2.91,564
PROD00025,Product 25,Beauty,BrandY,18583.97,9944.33,4.96,212
PROD00026,Product 26,Grocery,BrandZ,7590.47,5170.72,2.74,65
PROD00027,Product 27,Sports,BrandA,9300.33,4548.25,3.97,231
PROD00028,Product 28,Grocery,BrandB,1816.02,916.15,4.07,884
PROD00029,Product 29,Beauty,BrandC,12199.53,7377.8,3.85,810
PROD00030,Product 30,Health,BrandD,5799.83,3061.42,4.16,849
PROD00031,Product 31,Sports,BrandE,3248.17,1517.05,2.79,662
PROD00032,Product 32,Automotive,BrandF,10913.4,5512.93,3.89,716
PROD00033,Product 33,Grocery,BrandG,10669.59,4420.4,3.22,319
PROD00034,Product 34,Beauty,BrandH,1563.64,1066.04,4.85,766
PROD00035,Product 35,Books,BrandI,13979.4,8343.56,4.41,136
PROD00036,Product 36,Toys,BrandJ,12494.26,5468.7,4.93,880
PROD00037,Product 37,Beauty,BrandK,3820.89,1790.77,2.59,646
PROD00038,Product 38,Fashion,BrandL,9415.23,4152.25,3.21,936
PROD00039,Product 39,Toys,BrandM,14420.44,9301.72,2.99,565
PROD00040,Product 40,Books,BrandN,10612.24,4644.81,2.53,64
PROD00041,Product 41,Electronics,BrandO,7940.01,5571.61,3.11,513
PROD00042,Product 42,Automotive,BrandP,6480.65,2645.43,4.2,131
PROD00043,Product 43,Home & Kitchen,BrandQ,12227.36,6110.63,3.08,333
PROD00044,Product 44,Books,BrandR,18785.22,14206.64,3.77,31
PROD00045,Product 45,Health,BrandS,13451.31,9246.6,4.72,867
PROD00046,Product 46,Toys,BrandT,1541.18,661.45,4.23,897
PROD00047,Product 47,Health,BrandU,9240.67,6731.37,3.49,871
PROD00048,Product 48,Toys,BrandV,17821.94,10643.51,3.43,497
PROD00049,Product 49,Fashion,BrandW,1934.53,1429.06,3.64,242
PROD00050,Product 50,Electronics,BrandX,19778.07,12663.82,2.94,191
PROD00051,Product 51,Home & Kitchen,BrandY,18983.93,12771.12,4.09,141
PROD00052,Product 52,Fashion,BrandZ,1611.58,1285.07,3.41,659
PROD00053,Product 53,Books,BrandA,18671.6,9203.87,4.63,600
PROD00054,Product 54,Health,BrandB,7294.5,4738.35,4.39,560
PROD00055,Product 55,Toys,BrandC,16901.95,9872.91,4.03,647
PROD00056,Product 56,Books,BrandD,8396.75,3491.21,3.41,987
PROD00057,Product 57,Beauty,BrandE,8845.06,3589.22,3.02,190
PROD00058,Product 58,Electronics,BrandF,12703.15,5687.09,4.44,941
PROD00059,Product 59,Automotive,BrandG,15500.82,10224.91,3.72,148
PROD00060,Product 60,Beauty,BrandH,724.09,453.91,3.06,598
PROD00061,Product 61,Health,BrandI,11883.46,7384.05,2.99,415
PROD00062,Product 62,Electronics,BrandJ,3775.32,1558.24,2.91,519
PROD00063,Product 63,Electronics,BrandK,6951.69,4085.66,4.44,734
PROD00064,Product 64,Books,BrandL,6991.97,5382.76,3.07,868
PROD00065,Product 65,Beauty,BrandM,9407.75,5259.28,3.82,15
PROD00066,Product 66,Books,BrandN,6716.02,4365.2,3.63,807
PROD00067,Product 67,Books,BrandO,2191.85,1560.44,3.95,105
PROD00068,Product 68,Books,BrandP,2955.29,2108.81,4.69,282
PROD00069,Product 69,Health,BrandQ,717.09,435.78,4.67,103
PROD00070,Product 70,Toys,BrandR,9431.47,7009.29,3.63,360
PROD00071,Product 71,Toys,BrandS,19091.23,10625.25,2.54,657
PROD00072,Product 72,Health,BrandT,2357.72,1781.2,3.57,34
PROD00073,Product 73,Home & Kitchen,BrandU,18927.98,9390.0,4.02,112
PROD00074,Product 74,Automotive,BrandV,14680.56,7517.72,3.89,307
PROD00075,Product 75,Fashion,BrandW,12768.1,5378.54,4.13,910
PROD00076,Product 76,Automotive,BrandX,12923.29,9281.93,2.89,958
PROD00077,Product 77,Health,BrandY,16543.22,9377.06,4.12,52
PROD00078,Product 78,Grocery,BrandZ,2183.05,1073.29,2.96,858
PROD00079,Product 79,Fashion,BrandA,10119.85,4986.21,4.38,80
PROD00080,Product 80,Home & Kitchen,BrandB,13956.97,10615.11,3.35,615
PROD00081,Product 81,Sports,BrandC,11757.07,8624.59,4.27,833
PROD00082,Product 82,Fashion,BrandD,16663.94,10355.18,2.62,368
PROD00083,Product 83,Electronics,BrandE,1491.82,964.38,3.52,241
PROD00084,Product 84,Health,BrandF,13829.49,8155.67,4.26,30
PROD00085,Product 85,Sports,BrandG,10703.85,5958.48,3.07,828
PROD00086,Product 86,Automotive,BrandH,7614.26,5833.98,4.49,703
PROD00087,Product 87,Sports,BrandI,6838.49,3079.0,4.08,868
PROD00088,Product 88,Health,BrandJ,12435.61,7055.7,3.97,360
PROD00089,Product 89,Automotive,BrandK,17825.36,9586.92,3.38,232
PROD00090,Product 90,Health,BrandL,9948.71,5961.87,3.71,609
PROD00091,Product 91,Beauty,BrandM,16503.23,9622.25,3.99,33
PROD00092,Product 92,Grocery,BrandN,8073.02,4904.81,3.68,242
PROD00093,Product 93,Home & Kitchen,BrandO,2092.77,954.24,4.25,950
PROD00094,Product 94,Home & Kitchen,BrandP,1277.04,772.94,3.58,58
PROD00095,Product 95,Electronics,BrandQ,1074.12,533.8,3.01,770
PROD00096,Product 96,Grocery,BrandR,7634.0,3616.47,3.03,528
PROD00097,Product 97,Grocery,BrandS,6777.89,2886.93,2.51,77
PROD00098,Product 98,Electronics,BrandT,14372.84,10133.73,3.25,717
PROD00099,Product 99,Automotive,BrandU,14869.29,8490.02,4.37,301
PROD00100,Product 100,Electronics,BrandV,1064.54,692.65,4.49,677
PROD00101,Product 101,Automotive,BrandW,4461.41,3083.0,3.01,802
PROD00102,Product 102,Electronics,BrandX,5521.52,3708.95,4.9,896
PROD00103,Product 103,Fashion,BrandY,10974.86,6455.42,3.76,111
PROD00104,Product 104,Fashion,BrandZ,2933.08,1628.33,4.79,412
PROD00105,Product 105,Beauty,BrandA,2722.13,1498.22,4.27,899
PROD00106,Product 106,Toys,BrandB,18878.59,12384.72,4.31,316
PROD00107,Product 107,Electronics,BrandC,16093.85,9622.8,2.71,864
PROD00108,Product 108,Grocery,BrandD,3654.07,2702.74,3.05,144
PROD00109,Product 109,Fashion,BrandE,8161.03,6119.8,2.52,667
PROD00110,Product 110,Books,BrandF,7144.66,3345.3,4.29,689
PROD00111,Product 111,Automotive,BrandG,15830.53,7194.87,3.36,857
PROD00112,Product 112,Fashion,BrandH,10228.75,6670.79,4.47,647
PROD00113,Product 113,Fashion,BrandI,2600.6,1353.59,3.35,929
PROD00114,Product 114,Health,BrandJ,14792.89,6027.04,4.55,826
PROD00115,Product 115,Automotive,BrandK,7967.92,6019.42,2.83,17
PROD00116,Product 116,Home & Kitchen,BrandL,5295.34,2598.74,2.93,350
PROD00117,Product 117,Sports,BrandM,7541.2,5819.64,3.35,954
PROD00118,Product 118,Automotive,BrandN,9980.24,6856.16,3.52,154
PROD00119,Product 119,Beauty,BrandO,6895.15,4861.5,3.37,783
PROD00120,Product 120,Health,BrandP,4876.02,2343.34,4.41,505
PROD00121,Product 121,Automotive,BrandQ,8000.12,3949.48,2.74,777
PROD00122,Product 122,Automotive,BrandR,432.5,263.18,3.38,359
PROD00123,Product 123,Toys,BrandS,15461.33,7248.89,4.59,331
PROD00124,Product 124,Health,BrandT,3460.35,1806.9,2.67,917
PROD00125,Product 125,Automotive,BrandU,925.9,489.42,4.86,527
PROD00126,Product 126,Sports,BrandV,13091.29,6072.42,4.97,11
PROD00127,Product 127,Sports,BrandW,15490.03,7467.33,2.72,74
PROD00128,Product 128,Books,BrandX,16285.89,11651.26,3.23,211
PROD00129,Product 129,Health,BrandY,9895.51,4620.0,3.43,690
PROD00130,Product 130,Home & Kitchen,BrandZ,4147.1,1706.05,4.44,640
PROD00131,Product 131,Automotive,BrandA,14757.69,9618.21,3.99,282
PROD00132,Product 132,Toys,BrandB,14009.28,11072.84,4.11,194
PROD00133,Product 133,Toys,BrandC,4963.1,2642.78,4.39,779
PROD00134,Product 134,Grocery,BrandD,18072.98,8086.98,2.79,29
PROD00135,Product 135,Home & Kitchen,BrandE,2132.21,1339.36,4.58,8
PROD00136,Product 136,Toys,BrandF,19654.63,14987.47,4.26,308
PROD00137,Product 137,Sports,BrandG,17211.94,12282.87,3.94,444
PROD00138,Product 138,Grocery,BrandH,13773.58,8939.14,4.72,309
PROD00139,Product 139,Electronics,BrandI,18778.06,9877.68,4.25,676
PROD00140,Product 140,Toys,BrandJ,14460.11,8918.3,3.0,704
PROD00141,Product 141,Beauty,BrandK,3849.62,1680.35,3.57,425
PROD00142,Product 142,Health,BrandL,8871.01,5957.58,3.74,816
PROD00143,Product 143,Toys,BrandM,1476.49,1018.83,2.64,771
PROD00144,Product 144,Fashion,BrandN,7823.67,6149.5,4.89,703
PROD00145,Product 145,Home & Kitchen,BrandO,14844.98,7484.23,2.82,590
PROD00146,Product 146,Fashion,BrandP,7759.54,3161.1,4.24,690
PROD00147,Product 147,Books,BrandQ,6639.37,4104.75,3.77,90
PROD00148,Product 148,Toys,BrandR,11927.35,8143.0,2.56,455
PROD00149,Product 149,Electronics,BrandS,17450.48,12497.39,4.81,443
PROD00150,Product 150,Fashion,BrandT,999.28,477.15,4.63,726
PROD00151,Product 151,Fashion,BrandU,7740.14,3906.46,3.81,78
PROD00152,Product 152,Home & Kitchen,BrandV,3206.9,1940.29,3.07,474
PROD00153,Product 153,Grocery,BrandW,13922.32,7410.02,2.8,926
PROD00154,Product 154,Electronics,BrandX,2159.2,1606.89,3.41,102
PROD00155,Product 155,Fashion,BrandY,13312.91,7848.01,3.14,622
PROD00156,Product 156,Automotive,BrandZ,5759.31,4145.73,3.77,455
PROD00157,Product 157,Electronics,BrandA,4018.39,2540.62,4.92,989
PROD00158,Product 158,Automotive,BrandB,18730.23,13284.15,3.94,313
PROD00159,Product 159,Toys,BrandC,419.57,223.66,4.72,246
PROD00160,Product 160,Fashion,BrandD,8783.66,6434.62,4.13,233
PROD00161,Product 161,Fashion,BrandE,481.46,245.46,3.69,593
PROD00162,Product 162,Sports,BrandF,9697.68,5997.43,4.64,643
PROD00163,Product 163,Sports,BrandG,10045.9,4878.32,3.68,234
PROD00164,Product 164,Home & Kitchen,BrandH,6467.17,3816.99,4.67,789
PROD00165,Product 165,Health,BrandI,2686.63,1416.58,3.23,386
PROD00166,Product 166,Health,BrandJ,7558.93,3829.97,2.82,846
PROD00167,Product 167,Grocery,BrandK,13461.65,10591.55,4.64,610
PROD00168,Product 168,Home & Kitchen,BrandL,15658.8,7266.15,3.97,942
PROD00169,Product 169,Health,BrandM,10638.47,7605.76,4.72,37
PROD00170,Product 170,Home & Kitchen,BrandN,11817.2,9378.91,4.84,160
PROD00171,Product 171,Fashion,BrandO,4052.3,1653.18,2.63,461
PROD00172,Product 172,Sports,BrandP,5782.24,3929.67,3.75,943
PROD00173,Product 173,Sports,BrandQ,3279.82,1643.73,3.44,448
PROD00174,Product 174,Sports,BrandR,5023.44,2090.73,4.06,116
PROD00175,Product 175,Health,BrandS,4536.49,2545.68,4.48,240
PROD00176,Product 176,Electronics,BrandT,10413.0,8060.57,3.2,25
PROD00177,Product 177,Beauty,BrandU,11275.64,4563.32,3.89,647
PROD00178,Product 178,Fashion,BrandV,18901.7,12005.5,4.27,561
PROD00179,Product 179,Toys,BrandW,3951.63,2373.19,2.84,975
PROD00180,Product 180,Home & Kitchen,BrandX,12851.43,9630.27,4.54,805
PROD00181,Product 181,Sports,BrandY,16354.32,7091.24,4.02,905
PROD00182,Product 182,Sports,BrandZ,11226.82,7551.28,4.87,297
PROD00183,Product 183,Sports,BrandA,5137.32,3452.5,3.35,804
PROD00184,Product 184,Fashion,BrandB,5287.88,3530.36,2.77,153
PROD00185,Product 185,Sports,BrandC,833.1,647.26,3.77,731
PROD00186,Product 186,Grocery,BrandD,6143.61,4480.14,2.71,651
PROD00187,Product 187,Home & Kitchen,BrandE,14904.84,6212.17,4.92,467
PROD00188,Product 188,Fashion,BrandF,997.98,587.24,2.6,48
PROD00189,Product 189,Home & Kitchen,BrandG,4424.94,2474.34,4.38,653
PROD00190,Product 190,Automotive,BrandH,14139.34,7409.85,3.81,45
PROD00191,Product 191,Books,BrandI,15663.9,9093.44,3.42,674
PROD00192,Product 192,Grocery,BrandJ,9133.6,5057.07,2.66,284
PROD00193,Product 193,Electronics,BrandK,13976.58,8007.65,4.06,779
PROD00194,Product 194,Electronics,BrandL,7789.65,6167.1,3.96,627
PROD00195,Product 195,Beauty,BrandM,3240.27,1410.99,3.2,81
PROD00196,Product 196,Grocery,BrandN,7993.08,6145.82,4.78,43
PROD00197,Product 197,Home & Kitchen,BrandO,11620.36,6880.35,3.26,705
PROD00198,Product 198,Electronics,BrandP,18963.66,12316.84,3.62,769
PROD00199,Product 199,Books,BrandQ,1421.58,1040.7,3.86,954
PROD00200,Product 200,Electronics,BrandR,10172.51,5535.73,2.75,272
PROD00201,Product 201,Sports,BrandS,6611.95,3783.15,4.83,393
PROD00202,Product 202,Beauty,BrandT,10190.82,5745.66,3.44,785
PROD00203,Product 203,Fashion,BrandU,528.31,290.51,2.7,789
PROD00204,Product 204,Toys,BrandV,6294.86,4848.38,3.47,594
PROD00205,Product 205,Toys,BrandW,16406.37,12002.44,4.0,57
PROD00206,Product 206,Electronics,BrandX,11101.14,4924.47,3.78,564
PROD00207,Product 207,Home & Kitchen,BrandY,9039.12,4006.58,4.24,0
PROD00208,Product 208,Home & Kitchen,BrandZ,5746.23,3281.95,2.64,215
PROD00209,Product 209,Sports,BrandA,5995.95,2635.0,3.21,316
PROD00210,Product 210,Electronics,BrandB,7692.87,4982.19,4.55,227
PROD00211,Product 211,Electronics,BrandC,16719.64,7648.84,2.7,472
PROD00212,Product 212,Toys,BrandD,19345.9,11780.67,4.64,483
PROD00213,Product 213,Automotive,BrandE,8801.17,3545.89,2.73,765
PROD00214,Product 214,Electronics,BrandF,7897.39,4159.07,4.59,670
PROD00215,Product 215,Fashion,BrandG,16938.69,11363.77,3.4,286
PROD00216,Product 216,Beauty,BrandH,8566.76,5085.36,4.03,510
PROD00217,Product 217,Beauty,BrandI,11062.76,8754.05,2.88,577
PROD00218,Product 218,Fashion,BrandJ,4657.29,3491.3,2.67,914
PROD00219,Product 219,Automotive,BrandK,14882.88,8090.75,3.04,820
PROD00220,Product 220,Home & Kitchen,BrandL,10663.17,4459.28,2.82,971
PROD00221,Product 221,Toys,BrandM,16190.24,11952.45,3.28,457
PROD00222,Product 222,Beauty,BrandN,15625.62,11945.69,3.79,94
PROD00223,Product 223,Grocery,BrandO,4339.35,3160.14,3.97,492
PROD00224,Product 224,Books,BrandP,14326.93,6464.02,4.47,764
PROD00225,Product 225,Toys,BrandQ,16011.09,12795.52,4.14,149
PROD00226,Product 226,Automotive,BrandR,6954.84,3501.3,4.02,22
PROD00227,Product 227,Grocery,BrandS,3493.55,2409.44,3.53,755
PROD00228,Product 228,Electronics,BrandT,102.51,78.24,3.68,214
PROD00229,Product 229,Fashion,BrandU,9045.53,4470.98,3.54,398
PROD00230,Product 230,Electronics,BrandV,7081.03,5404.97,4.61,409
PROD00231,Product 231,Sports,BrandW,11120.45,5824.81,3.08,130
PROD00232,Product 232,Health,BrandX,3801.42,3005.27,2.51,854
PROD00233,Product 233,Fashion,BrandY,17200.33,8815.24,4.13,147
PROD00234,Product 234,Grocery,BrandZ,5192.22,4057.07,3.01,380
PROD00235,Product 235,Books,BrandA,4567.27,1924.73,4.73,108
PROD00236,Product 236,Health,BrandB,9640.25,6591.12,4.65,551
PROD00237,Product 237,Sports,BrandC,10002.08,6129.72,2.69,120
PROD00238,Product 238,Home & Kitchen,BrandD,4340.95,2566.16,2.77,294
PROD00239,Product 239,Sports,BrandE,5473.62,2678.78,3.74,119
PROD00240,Product 240,Health,BrandF,3435.62,2343.91,4.02,455
PROD00241,Product 241,Beauty,BrandG,14383.28,6851.1,3.19,529
PROD00242,Product 242,Toys,BrandH,15413.28,9573.75,4.29,168
PROD00243,Product 243,Automotive,BrandI,9273.45,4648.76,3.99,709
PROD00244,Product 244,Electronics,BrandJ,14296.04,11183.06,3.31,922
PROD00245,Product 245,Home & Kitchen,BrandK,14731.91,6061.48,2.56,995
PROD00246,Product 246,Automotive,BrandL,2808.6,1347.82,4.38,142
PROD00247,Product 247,Sports,BrandM,19325.25,9603.19,3.04,36
PROD00248,Product 248,Books,BrandN,16429.59,9293.02,4.59,697
PROD00249,Product 249,Electronics,BrandO,4129.45,2036.2,3.55,260
PROD00250,Product 250,Home & Kitchen,BrandP,3763.99,2245.37,3.94,230
PROD00251,Product 251,Automotive,BrandQ,2556.94,1915.11,4.68,253
PROD00252,Product 252,Electronics,BrandR,2810.65,1924.8,4.66,328
PROD00253,Product 253,Electronics,BrandS,14975.83,9464.5,3.43,902
PROD00254,Product 254,Home & Kitchen,BrandT,9419.6,4103.19,3.02,296
PROD00255,Product 255,Grocery,BrandU,15669.54,10617.63,4.44,979
PROD00256,Product 256,Toys,BrandV,14937.79,6969.46,3.58,9
PROD00257,Product 257,Grocery,BrandW,12112.02,8654.61,2.98,445
PROD00258,Product 258,Electronics,BrandX,13743.01,6871.82,4.76,921
PROD00259,Product 259,Health,BrandY,416.2,235.91,3.0,835
PROD00260,Product 260,Fashion,BrandZ,6269.96,3386.96,2.56,229
PROD00261,Product 261,Health,BrandA,12774.55,9498.2,2.55,535
PROD00262,Product 262,Home & Kitchen,BrandB,236.43,106.54,4.06,77
PROD00263,Product 263,Electronics,BrandC,707.89,443.32,4.15,424
PROD00264,Product 264,Electronics,BrandD,17045.17,7786.65,3.28,192
PROD00265,Product 265,Books,BrandE,13696.3,9339.76,3.3,400
PROD00266,Product 266,Toys,BrandF,5344.13,4072.39,3.35,108
PROD00267,Product 267,Books,BrandG,13774.86,7904.61,4.2,791
PROD00268,Product 268,Home & Kitchen,BrandH,15859.51,9440.17,2.65,922
PROD00269,Product 269,Beauty,BrandI,6170.55,4757.3,4.82,262
PROD00270,Product 270,Grocery,BrandJ,768.95,467.83,3.06,328
PROD00271,Product 271,Books,BrandK,18658.94,11102.8,5.0,362
PROD00272,Product 272,Home & Kitchen,BrandL,6936.34,4379.13,2.93,866
PROD00273,Product 273,Grocery,BrandM,2174.31,1469.16,4.43,377
PROD00274,Product 274,Home & Kitchen,BrandN,9862.54,4366.67,3.06,779
PROD00275,Product 275,Beauty,BrandO,15380.93,11204.15,2.7,340
PROD00276,Product 276,Toys,BrandP,4471.86,2567.75,4.69,258
PROD00277,Product 277,Toys,BrandQ,5426.33,2327.57,4.65,334
PROD00278,Product 278,Home & Kitchen,BrandR,4892.16,3495.32,3.51,84
PROD00279,Product 279,Books,BrandS,19833.88,10924.1,4.26,521
PROD00280,Product 280,Toys,BrandT,3988.2,1755.39,3.89,800
PROD00281,Product 281,Fashion,BrandU,11531.63,7536.05,4.63,813
PROD00282,Product 282,Books,BrandV,18509.03,13919.76,3.29,570
PROD00283,Product 283,Automotive,BrandW,2980.59,2250.65,3.81,307
PROD00284,Product 284,Sports,BrandX,19418.54,15205.99,3.71,261
PROD00285,Product 285,Home & Kitchen,BrandY,18952.17,14158.83,3.38,897
PROD00286,Product 286,Home & Kitchen,BrandZ,17697.21,7094.04,4.73,796
PROD00287,Product 287,Home & Kitchen,BrandA,4330.4,2390.8,2.91,630
PROD00288,Product 288,Beauty,BrandB,12699.4,9237.76,2.87,679
PROD00289,Product 289,Home & Kitchen,BrandC,15229.78,8323.09,3.94,864
PROD00290,Product 290,Toys,BrandD,19721.26,12633.82,4.14,700
PROD00291,Product 291,Toys,BrandE,3649.46,2344.88,2.99,451
PROD00292,Product 292,Sports,BrandF,15332.22,8371.55,3.48,250
PROD00293,Product 293,Sports,BrandG,6809.08,5187.09,4.87,323
PROD00294,Product 294,Health,BrandH,3553.75,2136.84,3.12,924
PROD00295,Product 295,Books,BrandI,8456.47,4954.76,4.17,228
PROD00296,Product 296,Toys,BrandJ,15887.03,12693.82,4.35,701
PROD00297,Product 297,Toys,BrandK,9323.75,5570.01,3.62,827
PROD00298,Product 298,Beauty,BrandL,10773.59,5078.23,4.84,635
PROD00299,Product 299,Toys,BrandM,19903.43,12046.11,4.34,595
PROD00300,Product 300,Toys,BrandN,8012.23,5813.73,3.64,296
PROD00301,Product 301,Health,BrandO,12327.25,8761.52,3.92,726
PROD00302,Product 302,Fashion,BrandP,7336.62,5248.86,4.23,236
PROD00303,Product 303,Health,BrandQ,7886.07,5387.84,3.98,977
PROD00304,Product 304,Fashion,BrandR,13928.03,6987.51,4.7,624
PROD00305,Product 305,Health,BrandS,18760.85,13973.71,3.39,216
PROD00306,Product 306,Toys,BrandT,10870.06,8232.74,3.25,832
PROD00307,Product 307,Health,BrandU,15379.58,7346.23,3.03,245
PROD00308,Product 308,Toys,BrandV,1829.67,827.34,2.59,447
PROD00309,Product 309,Toys,BrandW,4262.6,3368.49,2.61,846
PROD00310,Product 310,Sports,BrandX,10067.53,7523.76,4.68,318
PROD00311,Product 311,Electronics,BrandY,449.23,340.2,4.2,993
PROD00312,Product 312,Fashion,BrandZ,5094.46,3844.03,4.15,431
PROD00313,Product 313,Automotive,BrandA,10372.16,6396.25,4.04,403
PROD00314,Product 314,Books,BrandB,348.48,229.5,4.62,885
PROD00315,Product 315,Books,BrandC,5327.7,3293.29,3.7,36
PROD00316,Product 316,Health,BrandD,10304.91,4333.03,4.68,575
PROD00317,Product 317,Electronics,BrandE,11484.33,8018.37,3.4,730
PROD00318,Product 318,Beauty,BrandF,18518.75,11150.75,4.82,341
PROD00319,Product 319,Automotive,BrandG,12924.65,8518.43,4.25,388
PROD00320,Product 320,Books,BrandH,8323.98,5003.18,3.14,33
PROD00321,Product 321,Grocery,BrandI,18610.51,11105.35,3.91,38
PROD00322,Product 322,Home & Kitchen,BrandJ,15708.42,7362.78,3.83,578
PROD00323,Product 323,Grocery,BrandK,4040.18,2066.49,2.84,208
PROD00324,Product 324,Beauty,BrandL,2660.31,1233.16,3.98,829
PROD00325,Product 325,Automotive,BrandM,13532.44,6472.11,3.29,855
PROD00326,Product 326,Books,BrandN,11219.67,8854.46,2.63,151
PROD00327,Product 327,Health,BrandO,15803.99,7289.52,4.87,898
PROD00328,Product 328,Home & Kitchen,BrandP,14789.16,7508.58,4.1,364
PROD00329,Product 329,Fashion,BrandQ,12522.97,7967.56,4.69,198
PROD00330,Product 330,Books,BrandR,19728.32,12706.45,4.19,600
PROD00331,Product 331,Books,BrandS,10695.12,4936.76,3.39,759
PROD00332,Product 332,Beauty,BrandT,2306.46,1654.85,3.78,834
PROD00333,Product 333,Books,BrandU,16574.06,11835.22,4.19,78
PROD00334,Product 334,Automotive,BrandV,5074.47,2511.49,4.9,476
PROD00335,Product 335,Electronics,BrandW,15557.18,8019.21,3.13,433
PROD00336,Product 336,Automotive,BrandX,19144.29,14840.56,4.69,796
PROD00337,Product 337,Fashion,BrandY,13951.07,10188.03,4.81,841
PROD00338,Product 338,Electronics,BrandZ,11940.8,8109.22,4.18,31
PROD00339,Product 339,Books,BrandA,9234.7,3997.64,4.83,86
PROD00340,Product 340,Books,BrandB,7319.98,4152.67,3.49,550
PROD00341,Product 341,Home & Kitchen,BrandC,7092.44,4423.7,4.88,392
PROD00342,Product 342,Books,BrandD,12745.64,6053.73,4.26,612
PROD00343,Product 343,Toys,BrandE,15037.9,8711.31,2.61,243
PROD00344,Product 344,Fashion,BrandF,13586.42,8700.88,4.77,231
PROD00345,Product 345,Sports,BrandG,4008.28,2128.2,3.71,909
PROD00346,Product 346,Health,BrandH,9905.04,7056.13,3.65,579
PROD00347,Product 347,Home & Kitchen,BrandI,15843.22,11663.46,3.92,191
PROD00348,Product 348,Grocery,BrandJ,9540.3,5051.05,2.87,915
PROD00349,Product 349,Electronics,BrandK,10755.63,7910.37,3.67,539
PROD00350,Product 350,Sports,BrandL,15434.16,6813.11,4.58,269
PROD00351,Product 351,Health,BrandM,13242.24,9734.26,2.54,939
PROD00352,Product 352,Books,BrandN,8216.43,3788.6,3.18,737
PROD00353,Product 353,Automotive,BrandO,17913.48,7759.6,2.51,76
PROD00354,Product 354,Toys,BrandP,3293.21,2162.68,3.54,734
PROD00355,Product 355,Electronics,BrandQ,19910.55,11722.83,4.32,992
PROD00356,Product 356,Electronics,BrandR,2421.11,1847.69,4.5,883
PROD00357,Product 357,Electronics,BrandS,348.25,189.89,4.86,166
PROD00358,Product 358,Fashion,BrandT,17805.88,9167.55,4.02,283
PROD00359,Product 359,Electronics,BrandU,4936.82,2963.54,3.14,703
PROD00360,Product 360,Home & Kitchen,BrandV,14607.51,8507.1,4.81,88
PROD00361,Product 361,Health,BrandW,16229.76,8727.9,4.44,543
PROD00362,Product 362,Automotive,BrandX,17186.78,11643.98,3.94,648
PROD00363,Product 363,Home & Kitchen,BrandY,19832.31,13958.47,4.24,155
PROD00364,Product 364,Home & Kitchen,BrandZ,5916.09,4384.97,4.81,249
PROD00365,Product 365,Toys,BrandA,14219.35,11221.1,4.28,94
PROD00366,Product 366,Automotive,BrandB,2352.23,1191.79,3.42,16
PROD00367,Product 367,Toys,BrandC,8165.85,5605.34,4.28,116
PROD00368,Product 368,Electronics,BrandD,16967.04,9462.57,2.6,982
PROD00369,Product 369,Electronics,BrandE,7384.78,4953.95,3.47,332
PROD00370,Product 370,Home & Kitchen,BrandF,11842.35,6991.64,3.52,822
PROD00371,Product 371,Home & Kitchen,BrandG,10100.28,8055.07,2.92,521
PROD00372,Product 372,Electronics,BrandH,12936.73,8946.54,2.56,79
PROD00373,Product 373,Beauty,BrandI,19459.24,15197.6,2.83,645
PROD00374,Product 374,Health,BrandJ,1161.92,852.84,4.14,431
PROD00375,Product 375,Fashion,BrandK,11500.53,8753.75,4.51,202
PROD00376,Product 376,Sports,BrandL,17267.42,12532.14,4.97,115
PROD00377,Product 377,Books,BrandM,9653.59,5634.45,3.37,962
PROD00378,Product 378,Grocery,BrandN,1616.62,809.47,4.0,219
PROD00379,Product 379,Automotive,BrandO,11232.76,6156.99,4.84,252
PROD00380,Product 380,Toys,BrandP,6674.87,2723.98,2.92,168
PROD00381,Product 381,Automotive,BrandQ,3141.09,1914.8,4.29,846
PROD00382,Product 382,Electronics,BrandR,16988.24,10227.31,4.39,315
PROD00383,Product 383,Sports,BrandS,10455.91,6379.15,2.72,716
PROD00384,Product 384,Grocery,BrandT,18668.86,14741.17,4.65,809
PROD00385,Product 385,Home & Kitchen,BrandU,16130.03,12332.72,4.53,371
PROD00386,Product 386,Home & Kitchen,BrandV,13874.79,6447.41,2.58,759
PROD00387,Product 387,Toys,BrandW,150.26,82.28,2.73,876
PROD00388,Product 388,Health,BrandX,8585.08,4889.91,2.62,976
PROD00389,Product 389,Books,BrandY,3989.85,2171.33,3.34,582
PROD00390,Product 390,Health,BrandZ,18220.42,13107.74,3.77,155
PROD00391,Product 391,Sports,BrandA,3532.95,2153.74,3.83,613
PROD00392,Product 392,Health,BrandB,5756.9,3620.17,3.17,12
PROD00393,Product 393,Toys,BrandC,10360.89,7679.55,4.78,507
PROD00394,Product 394,Grocery,BrandD,5304.1,3831.53,3.42,464
PROD00395,Product 395,Grocery,BrandE,4236.8,1918.78,2.61,782
PROD00396,Product 396,Grocery,BrandF,12002.03,8228.18,3.25,803
PROD00397,Product 397,Home & Kitchen,BrandG,1824.14,1047.37,3.83,219
PROD00398,Product 398,Beauty,BrandH,1210.45,626.84,3.52,14
PROD00399,Product 399,Sports,BrandI,7476.29,3140.1,3.18,749
PROD00400,Product 400,Books,BrandJ,14427.26,8582.77,2.83,116
PROD00401,Product 401,Sports,BrandK,11118.39,6028.11,4.55,330
PROD00402,Product 402,Sports,BrandL,8486.39,4248.33,4.99,55
PROD00403,Product 403,Health,BrandM,11336.74,7684.82,3.32,350
PROD00404,Product 404,Fashion,BrandN,7340.76,5195.75,3.45,131
PROD00405,Product 405,Sports,BrandO,18726.12,9324.03,4.05,994
PROD00406,Product 406,Toys,BrandP,1145.35,480.79,4.3,225
PROD00407,Product 407,Fashion,BrandQ,13484.16,9971.55,3.48,307
PROD00408,Product 408,Beauty,BrandR,17831.09,7203.47,4.76,474
PROD00409,Product 409,Toys,BrandS,16087.5,12465.32,3.9,905
PROD00410,Product 410,Sports,BrandT,3721.62,2422.95,3.63,221
PROD00411,Product 411,Automotive,BrandU,5953.73,3147.97,4.12,172
PROD00412,Product 412,Home & Kitchen,BrandV,14355.11,7157.33,4.88,339
PROD00413,Product 413,Health,BrandW,1731.2,698.72,4.49,796
PROD00414,Product 414,Electronics,BrandX,16246.64,8028.9,2.6,505
PROD00415,Product 415,Books,BrandY,14392.19,6549.76,3.33,820
PROD00416,Product 416,Books,BrandZ,14605.65,9418.69,3.68,156
PROD00417,Product 417,Toys,BrandA,2049.82,956.48,3.29,150
PROD00418,Product 418,Books,BrandB,14369.32,8786.15,4.25,696
PROD00419,Product 419,Fashion,BrandC,13612.37,8658.1,4.57,177
PROD00420,Product 420,Grocery,BrandD,16626.9,8632.96,4.33,532
PROD00421,Product 421,Automotive,BrandE,879.84,364.28,4.97,111
PROD00422,Product 422,Electronics,BrandF,511.06,212.04,3.18,682
PROD00423,Product 423,Books,BrandG,7491.49,3075.55,4.69,137
PROD00424,Product 424,Books,BrandH,3018.33,2099.7,4.42,232
PROD00425,Product 425,Toys,BrandI,11189.77,5899.29,3.41,331
PROD00426,Product 426,Sports,BrandJ,18351.11,13185.64,4.34,541
PROD00427,Product 427,Home & Kitchen,BrandK,7860.02,4501.38,2.76,892
PROD00428,Product 428,Health,BrandL,16906.76,9826.2,4.47,306
PROD00429,Product 429,Health,BrandM,54.81,33.17,3.83,160
PROD00430,Product 430,Health,BrandN,3411.87,2337.86,3.23,401
PROD00431,Product 431,Health,BrandO,656.95,334.65,4.14,589
PROD00432,Product 432,Beauty,BrandP,6596.54,2959.44,4.1,277
PROD00433,Product 433,Electronics,BrandQ,18168.38,11308.42,3.02,319
PROD00434,Product 434,Sports,BrandR,1984.19,1053.19,2.58,532
PROD00435,Product 435,Home & Kitchen,BrandS,12147.88,7009.28,3.58,896
PROD00436,Product 436,Home & Kitchen,BrandT,9057.34,5966.78,3.92,496
PROD00437,Product 437,Toys,BrandU,18772.44,11219.35,4.69,362
PROD00438,Product 438,Automotive,BrandV,2494.26,1616.56,4.82,371
PROD00439,Product 439,Books,BrandW,4279.96,2643.65,3.82,891
PROD00440,Product 440,Books,BrandX,639.36,444.94,4.38,654
PROD00441,Product 441,Sports,BrandY,8707.01,5941.44,3.6,35
PROD00442,Product 442,Beauty,BrandZ,5592.77,3432.15,4.37,302
PROD00443,Product 443,Fashion,BrandA,17404.62,11688.27,3.01,437
PROD00444,Product 444,Grocery,BrandB,12118.57,9081.95,3.43,725
PROD00445,Product 445,Sports,BrandC,12301.11,7047.41,4.09,31
PROD00446,Product 446,Fashion,BrandD,10661.62,6024.94,2.55,185
PROD00447,Product 447,Grocery,BrandE,1882.41,1328.41,4.31,173
PROD00448,Product 448,Home & Kitchen,BrandF,8928.12,5651.69,4.59,565
PROD00449,Product 449,Beauty,BrandG,19990.13,8563.83,3.5,672
PROD00450,Product 450,Sports,BrandH,16712.82,12649.01,3.62,249
PROD00451,Product 451,Health,BrandI,17874.51,7369.9,4.63,762
PROD00452,Product 452,Home & Kitchen,BrandJ,16473.37,11520.79,4.44,934
PROD00453,Product 453,Fashion,BrandK,2105.68,1481.38,3.22,278
PROD00454,Product 454,Sports,BrandL,4587.59,3584.03,3.31,682
PROD00455,Product 455,Sports,BrandM,112.28,47.34,4.2,694
PROD00456,Product 456,Toys,BrandN,6105.03,3899.54,3.91,1
PROD00457,Product 457,Electronics,BrandO,2216.72,1266.05,2.91,193
PROD00458,Product 458,Home & Kitchen,BrandP,9482.23,5046.95,3.27,165
PROD00459,Product 459,Sports,BrandQ,13558.69,5913.32,4.75,758
PROD00460,Product 460,Books,BrandR,17496.38,10936.32,4.22,924
PROD00461,Product 461,Books,BrandS,14996.88,8872.4,4.96,755
PROD00462,Product 462,Electronics,BrandT,18774.78,8295.11,4.42,109
PROD00463,Product 463,Sports,BrandU,1125.27,725.79,4.85,379
PROD00464,Product 464,Health,BrandV,292.99,203.68,3.04,834
PROD00465,Product 465,Electronics,BrandW,13243.7,9362.12,4.43,998
PROD00466,Product 466,Electronics,BrandX,5822.58,4437.68,2.55,582
PROD00467,Product 467,Fashion,BrandY,5107.35,2879.46,4.18,675
PROD00468,Product 468,Fashion,BrandZ,6651.2,5196.11,3.67,284
PROD00469,Product 469,Automotive,BrandA,5432.43,4053.53,3.37,886
PROD00470,Product 470,Home & Kitchen,BrandB,10253.16,5317.3,4.66,420
PROD00471,Product 471,Grocery,BrandC,8830.96,4095.03,4.64,112
PROD00472,Product 472,Electronics,BrandD,10272.95,5898.27,2.56,227
PROD00473,Product 473,Fashion,BrandE,13470.64,7553.79,4.02,470
PROD00474,Product 474,Beauty,BrandF,7773.25,4899.38,3.42,812
PROD00475,Product 475,Automotive,BrandG,5063.59,3207.05,3.54,527
PROD00476,Product 476,Sports,BrandH,3365.7,2355.97,4.58,495
PROD00477,Product 477,Home & Kitchen,BrandI,7022.01,4240.98,3.27,30
PROD00478,Product 478,Sports,BrandJ,14849.04,6562.22,4.86,161
PROD00479,Product 479,Automotive,BrandK,15146.26,11258.47,2.95,817
PROD00480,Product 480,Toys,BrandL,13354.76,6996.64,4.16,704
PROD00481,Product 481,Books,BrandM,4718.86,3720.91,4.18,721
PROD00482,Product 482,Home & Kitchen,BrandN,11782.32,5268.39,3.13,377
PROD00483,Product 483,Books,BrandO,11435.26,8957.24,3.31,445
PROD00484,Product 484,Beauty,BrandP,9711.11,4237.97,4.59,743
PROD00485,Product 485,Sports,BrandQ,11022.08,5427.43,4.4,426
PROD00486,Product 486,Toys,BrandR,9861.22,4128.22,3.32,695
PROD00487,Product 487,Beauty,BrandS,11330.85,7728.15,3.83,503
PROD00488,Product 488,Grocery,BrandT,14324.34,10601.72,2.65,526
PROD00489,Product 489,Sports,BrandU,2237.08,1283.25,3.02,943
PROD00490,Product 490,Automotive,BrandV,15005.03,11575.01,3.71,816
PROD00491,Product 491,Toys,BrandW,2760.93,1756.28,2.71,720
PROD00492,Product 492,Home & Kitchen,BrandX,1379.23,899.26,4.61,683
PROD00493,Product 493,Toys,BrandY,19522.79,14411.09,4.3,777
PROD00494,Product 494,Sports,BrandZ,19141.99,9929.33,4.86,531
PROD00495,Product 495,Fashion,BrandA,1255.71,680.23,4.23,581
PROD00496,Product 496,Beauty,BrandB,8892.91,6779.78,4.85,519
PROD00497,Product 497,Toys,BrandC,3765.59,2863.3,3.89,940
PROD00498,Product 498,Books,BrandD,9732.63,7694.55,4.0,33
PROD00499,Product 499,Beauty,BrandE,16612.04,12637.37,4.94,735
PROD00500,Product 500,Books,BrandF,19014.7,8574.66,4.11,690
PROD00501,Product 501,Toys,BrandG,12703.34,9266.96,2.58,757
PROD00502,Product 502,Fashion,BrandH,7110.42,4009.82,4.31,489
PROD00503,Product 503,Beauty,BrandI,12086.35,9624.61,4.76,771
PROD00504,Product 504,Automotive,BrandJ,6274.43,3695.09,4.49,619
PROD00505,Product 505,Beauty,BrandK,18200.98,11312.54,3.96,753
PROD00506,Product 506,Home & Kitchen,BrandL,17414.49,10656.1,4.18,422
PROD00507,Product 507,Toys,BrandM,11186.72,5914.36,4.98,467
PROD00508,Product 508,Grocery,BrandN,6529.74,2807.85,2.73,23
PROD00509,Product 509,Sports,BrandO,5903.12,4476.1,4.17,215
PROD00510,Product 510,Electronics,BrandP,716.69,516.78,3.21,54
PROD00511,Product 511,Health,BrandQ,16325.63,7441.4,4.1,25
PROD00512,Product 512,Grocery,BrandR,9035.15,6421.35,4.02,280
PROD00513,Product 513,Books,BrandS,6536.4,4250.87,2.88,803
PROD00514,Product 514,Automotive,BrandT,9448.65,5325.8,3.02,326
PROD00515,Product 515,Automotive,BrandU,16383.82,8218.26,4.05,969
PROD00516,Product 516,Health,BrandV,2536.05,1886.55,2.82,185
PROD00517,Product 517,Fashion,BrandW,17160.24,11670.26,3.16,494
PROD00518,Product 518,Home & Kitchen,BrandX,17955.3,11116.05,4.59,11
PROD00519,Product 519,Sports,BrandY,18936.82,12192.04,3.32,640
PROD00520,Product 520,Grocery,BrandZ,7979.89,3482.64,3.72,883
PROD00521,Product 521,Electronics,BrandA,4381.95,2583.46,4.85,433
PROD00522,Product 522,Beauty,BrandB,7504.13,3583.07,3.07,920
PROD00523,Product 523,Health,BrandC,6691.6,3234.41,3.47,207
PROD00524,Product 524,Fashion,BrandD,3564.27,2368.53,4.02,132
PROD00525,Product 525,Automotive,BrandE,12164.97,9300.15,4.39,338
PROD00526,Product 526,Electronics,BrandF,9558.65,5367.21,4.75,195
PROD00527,Product 527,Automotive,BrandG,17320.73,8367.64,4.79,261
PROD00528,Product 528,Toys,BrandH,690.59,455.44,4.44,281
PROD00529,Product 529,Health,BrandI,12895.17,9651.71,3.07,368
PROD00530,Product 530,Fashion,BrandJ,15270.83,10679.31,2.56,102
PROD00531,Product 531,Beauty,BrandK,15201.76,11363.36,3.46,631
PROD00532,Product 532,Books,BrandL,17727.18,10895.51,2.85,182
PROD00533,Product 533,Fashion,BrandM,14594.22,10226.91,4.28,422
PROD00534,Product 534,Sports,BrandN,18559.81,8463.75,4.15,8
PROD00535,Product 535,Beauty,BrandO,6686.5,3606.1,2.61,556
PROD00536,Product 536,Grocery,BrandP,10089.03,5607.68,4.59,243
PROD00537,Product 537,Fashion,BrandQ,330.89,200.03,3.12,781
PROD00538,Product 538,Beauty,BrandR,188.8,145.68,3.58,623
PROD00539,Product 539,Grocery,BrandS,4840.53,3629.04,4.17,566
PROD00540,Product 540,Fashion,BrandT,2061.1,935.35,3.57,392
PROD00541,Product 541,Electronics,BrandU,5241.22,2458.74,3.6,526
PROD00542,Product 542,Books,BrandV,3582.01,1945.23,2.66,36
PROD00543,Product 543,Electronics,BrandW,618.97,319.57,3.5,177
PROD00544,Product 544,Sports,BrandX,18190.62,11749.47,4.41,638
PROD00545,Product 545,Beauty,BrandY,214.05,162.92,4.79,628
PROD00546,Product 546,Grocery,BrandZ,14734.84,11565.62,3.53,851
PROD00547,Product 547,Toys,BrandA,3085.35,2040.78,3.56,71
PROD00548,Product 548,Fashion,BrandB,18248.98,13417.81,4.26,351
PROD00549,Product 549,Toys,BrandC,17861.28,10896.83,4.86,622
PROD00550,Product 550,Fashion,BrandD,13095.33,6329.38,3.17,148
PROD00551,Product 551,Sports,BrandE,13461.07,8209.57,3.6,696
PROD00552,Product 552,Toys,BrandF,156.52,97.36,4.49,104
PROD00553,Product 553,Grocery,BrandG,19698.19,13729.3,4.02,658
PROD00554,Product 554,Home & Kitchen,BrandH,17562.76,8569.8,2.78,220
PROD00555,Product 555,Electronics,BrandI,17907.37,9801.14,4.07,825
PROD00556,Product 556,Grocery,BrandJ,13201.93,7203.12,2.97,862
PROD00557,Product 557,Automotive,BrandK,6928.5,5430.39,3.78,373
PROD00558,Product 558,Health,BrandL,17878.29,10326.11,3.82,517
PROD00559,Product 559,Sports,BrandM,5865.76,4117.98,4.69,259
PROD00560,Product 560,Books,BrandN,11276.1,7896.93,3.66,298
PROD00561,Product 561,Fashion,BrandO,2039.63,1032.5,3.2,860
PROD00562,Product 562,Grocery,BrandP,18443.01,11596.0,3.08,41
PROD00563,Product 563,Toys,BrandQ,2858.37,2165.85,4.69,770
PROD00564,Product 564,Health,BrandR,4536.69,2677.01,2.93,896
PROD00565,Product 565,Home & Kitchen,BrandS,11184.78,8702.28,3.56,491
PROD00566,Product 566,Automotive,BrandT,15293.66,7429.4,2.97,438
PROD00567,Product 567,Toys,BrandU,12406.06,5330.43,4.43,782
PROD00568,Product 568,Electronics,BrandV,4681.07,3541.61,3.69,46
PROD00569,Product 569,Home & Kitchen,BrandW,68.81,50.86,3.38,84
PROD00570,Product 570,Health,BrandX,15155.15,12079.2,3.4,685
PROD00571,Product 571,Beauty,BrandY,19704.89,13236.91,4.63,57
PROD00572,Product 572,Beauty,BrandZ,16207.77,12555.76,3.88,990
PROD00573,Product 573,Health,BrandA,9231.12,6745.91,4.29,710
PROD00574,Product 574,Beauty,BrandB,18080.16,13339.01,4.74,208
PROD00575,Product 575,Sports,BrandC,8226.46,5163.39,4.75,247
PROD00576,Product 576,Grocery,BrandD,10522.43,5818.33,3.32,210
PROD00577,Product 577,Fashion,BrandE,9568.74,7404.51,4.88,38
PROD00578,Product 578,Grocery,BrandF,8980.1,5144.22,2.56,251
PROD00579,Product 579,Automotive,BrandG,15515.06,9549.95,3.44,642
PROD00580,Product 580,Grocery,BrandH,10559.04,6107.83,4.74,925
PROD00581,Product 581,Grocery,BrandI,6368.51,3986.22,3.19,802
PROD00582,Product 582,Electronics,BrandJ,5200.26,3058.8,3.18,761
PROD00583,Product 583,Fashion,BrandK,803.06,336.63,3.26,952
PROD00584,Product 584,Grocery,BrandL,11684.74,8796.5,4.03,412
PROD00585,Product 585,Fashion,BrandM,4637.73,2679.48,3.6,945
PROD00586,Product 586,Books,BrandN,3005.27,1910.08,4.32,445
PROD00587,Product 587,Beauty,BrandO,13093.91,5966.57,4.74,51
PROD00588,Product 588,Toys,BrandP,13640.12,5474.53,4.19,373
PROD00589,Product 589,Electronics,BrandQ,15055.49,7499.38,3.01,525
PROD00590,Product 590,Beauty,BrandR,10096.36,6884.05,4.83,930
PROD00591,Product 591,Fashion,BrandS,17886.39,7864.25,3.16,155
PROD00592,Product 592,Beauty,BrandT,18730.04,14301.42,2.87,953
PROD00593,Product 593,Grocery,BrandU,16157.05,7852.47,2.72,541
PROD00594,Product 594,Toys,BrandV,12730.09,6133.83,3.91,89
PROD00595,Product 595,Grocery,BrandW,6109.23,2887.24,2.78,902
PROD00596,Product 596,Automotive,BrandX,19659.75,7973.85,2.85,678
PROD00597,Product 597,Grocery,BrandY,5519.02,3911.45,3.25,350
PROD00598,Product 598,Toys,BrandZ,4093.01,3069.81,3.2,68
PROD00599,Product 599,Home & Kitchen,BrandA,8870.97,5727.68,4.01,162
PROD00600,Product 600,Books,BrandB,1183.97,562.72,4.54,241
